<?xml version="1.0"?> 
<Config>

   <!--Configuración Correo-->
   <correousuario>no-reply@fujifilm.com.mx</correousuario>
   <subjetError>ERROR BOT Ingreso Portal Sears</subjetError>
   <passwordmail>bwqy klqf raxb yyxo</passwordmail>
   <correosdestinatarios>rflores@valperia.mx,gcalderon@fujifilm.com.mx,sgonzalez@fujifilm.com.mx,caja@fujifilm.com.mx,jgarcia@valperia.mx</correosdestinatarios>
   <correodestinatarioerror>rflores@valperia.mx,gcalderon@fujifilm.com.mx,sgonzalez@fujifilm.com.mx,jgarcia@valperia.mx,caja@fujifilm.com.mx</correodestinatarioerror>
   <serverport>587</serverport>
   <serverhostmail>smtp.gmail.com</serverhostmail>
 
   <!--Carpetas Usadas-->
   <CarpetaExtractos>C:\Users\VALPERIA\Documents\Extractos Bancarios\Extractos Bancarios</CarpetaExtractos>
   <CarpetaDescargas>C:\Users\VALPERIA\Downloads</CarpetaDescargas>
   <CarpetaLogs>C:\Users\VALPERIA\Documents\Extractos Bancarios\Logs</CarpetaLogs>
   <CarpetaCompartidaExtractos>G:\Unidades compartidas\Extractos_Bancarios</CarpetaCompartidaExtractos>
   <CarpetaTXT>C:\Users\VALPERIA\Documents\Extractos Bancarios\Archivos TXT</CarpetaTXT>

   <LinkBBVAPortal>https://www.bbvanetcash.mx/local_pibee/login_pibee.html</LinkBBVAPortal>
   <PathSAP>"C:/Users/Public/Desktop/SAP Logon.lnk"</PathSAP>


   
   <ApplicationserverhostnameD>vhggdds4ci.us4.sap.fujifilm.mx</ApplicationserverhostnameD>

   <systemnumberD>00</systemnumberD>
   <sapinstanceidD>DS4</sapinstanceidD>
   <clientnumberidD>130</clientnumberidD>
  
   <sapuser>Robot</sapuser>
   <sappassword>Fujifilm_2024</sappassword>
  
   <ApplicationserverhostnameC>hec48v112877</ApplicationserverhostnameC>
   <systemnumberC>00</systemnumberC>
   <sapinstanceidC>QS4</sapinstanceidC>
   <clientnumberidC>200</clientnumberidC>
  
   <ApplicationserverhostnameP>hec48v112871</ApplicationserverhostnameP>
   <systemnumberP>00</systemnumberP>
   <sapinstanceidP>PS4</sapinstanceidP>
   <clientnumberidP>100</clientnumberidP>
	
   <!--Conexion Drive-->
   <IDSheetCuentasBancarias>1gOQ_JnrxAhHV4K3KMb8hYPXiNq1p1Ccsb3Re8LZhbvs</IDSheetCuentasBancarias>
   <CarpetaDriveExtractos>https://drive.google.com/drive/folders/1_R0NHt8plafyxDiHVaIBdnDOTNe5jsMx</CarpetaDriveExtractos>
   
</Config>